<?xml version="1.0" encoding="UTF-8"?>
<resourcecollection name="RSCtmp">
<resource name="net" type="BinaryStream" filename="net.bin" />
<resource name="nx_meanTrain" type="BinaryStream" filename="nx_meanTrain.bin" />
<resource name="nx_sdTrain" type="BinaryStream" filename="nx_sdTrain.bin" />
<resource name="font" type="ZipStream" filename="font.zip" />
<resource name="NoisyChannel_countMatrix" type="BinaryStream" filename="NoisyChannel_countMatrix.bin" />
<resource name="words" type="BinaryStream" filename="nx_words.bin" />
<resource name="wordCounts" type="BinaryStream" filename="nx_wordCounts.bin" />
<resource name="nx_bigrams" type="BinaryStream" filename="nx_bigrams.bin" />
<resource name="nx_unigrams" type="BinaryStream" filename="nx_unigrams.bin" />
<resource name="nx_trigrams" type="BinaryStream" filename="nx_trigrams.bin" />
</resourcecollection>